{
  "framework": "nextjs",
  "buildCommand": "npm run build",
  "devCommand": "npm run dev",
  "installCommand": "npm install",
  "outputDirectory": ".next",
  "functions": {
    "app/api/**/*.ts": {
      "maxDuration": 30
    }
  },
  "env": {
    "NEXT_PUBLIC_SUPABASE_URL": "@next_public_supabase_url",
    "NEXT_PUBLIC_SUPABASE_ANON_KEY": "@next_public_supabase_anon_key",
    "SUPABASE_SERVICE_ROLE_KEY": "@supabase_service_role_key",
    "NEXT_PUBLIC_MAPBOX_TOKEN": "@next_public_mapbox_token",
    "NEXT_PUBLIC_APP_NAME": "@next_public_app_name",
    "NEXT_PUBLIC_SITE_URL": "@next_public_site_url"
  }
}
